{
  "Double A-Arm": {
    "CHAS_LowFor_L": [
      241.007495646119,
      281.496834191867,
      132.114960588146
    ],
    "CHAS_LowFor_R": [
      241.007495646119,
      -281.496834191867,
      132.114960588146
    ],
    "CHAS_LowAft_L": [
      -112.398960340352,
      251.1565007232,
      147.502803014026
    ],
    "CHAS_LowAft_R": [
      -112.398960340352,
      -251.1565007232,
      147.502803014026
    ],
    "CHAS_UppFor_L": [
      160.0,
      300.0,
      263.902
    ],
    "CHAS_UppFor_R": [
      160.0,
      -300.0,
      263.902
    ],
    "CHAS_UppAft_L": [
      -160.0,
      284.457,
      277.903
    ],
    "CHAS_UppAft_R": [
      -160.0,
      -284.457,
      277.903
    ],
    "UPRI_LowPnt_L": [
      -25.8808035335942,
      549.685661898951,
      145.018027597502
    ],
    "UPRI_LowPnt_R": [
      -25.8808035335942,
      -549.685661898951,
      145.018027597502
    ],
    "UPRI_UppPnt_L": [
      5.434,
      485.0,
      300.0
    ],
    "UPRI_UppPnt_R": [
      5.434,
      -485.0,
      300.0
    ],
    "CHAS_TiePnt_L": [
      -59.7694244111978,
      302.021433351596,
      218.490959846695
    ],
    "CHAS_TiePnt_R": [
      -59.7694244111978,
      -302.021433351596,
      218.490959846695
    ],
    "UPRI_TiePnt_L": [
      -104.133572602855,
      532.227939037587,
      241.87644127092
    ],
    "UPRI_TiePnt_R": [
      -104.133572602855,
      -532.227939037587,
      241.87644127092
    ]
  },
  "Push Pull": {
    "NSMA_PPAttPnt_L_L": [
      7.75724834943185,
      434.039877128112,
      125.785184191271
    ],
    "NSMA_PPAttPnt_L_R": [
      7.75724834943185,
      -434.039877128112,
      125.785184191271
    ],
    "CHAS_AttPnt_L_L": [
      52.5065028798218,
      63.1418572363048,
      428.151493056303
    ],
    "CHAS_AttPnt_L_R": [
      52.5065028798218,
      -63.1418572363048,
      428.151493056303
    ],
    "CHAS_RocAxi_L_L": [
      -21.4852711357124,
      207.55877561486,
      327.601117186135
    ],
    "CHAS_RocAxi_L_R": [
      -21.4852711357124,
      -207.55877561486,
      327.601117186135
    ],
    "CHAS_RocPiv_L_L": [
      1.66295834270782,
      224.891145587203,
      306.860018283943
    ],
    "CHAS_RocPiv_L_R": [
      1.66295834270782,
      -224.891145587203,
      306.860018283943
    ],
    "ROCK_RodPnt_L_L": [
      5.01616666730769,
      328.03920285111,
      395.930013727096
    ],
    "ROCK_RodPnt_L_R": [
      5.01616666730769,
      -328.03920285111,
      395.930013727096
    ],
    "ROCK_CoiPnt_L_L": [
      29.4710164473819,
      236.88692258437,
      470.106179343481
    ],
    "ROCK_CoiPnt_L_R": [
      29.4710164473819,
      -236.88692258437,
      470.106179343481
    ]
  },
  "Wheels": {
    "Half Track": {
      "left": 583,
      "right": 583
    },
    "Longitudinal Offset": {
      "left": 0,
      "right": 0
    },
    "Lateral Offset": {
      "left": 0,
      "right": 0
    },
    "Vertical Offset": {
      "left": 4.27201516,
      "right": 4.27201516
    },
    "Static Camber": {
      "left": -0.5,
      "right": -0.5
    },
    "Static Toe": {
      "left": 0,
      "right": 0
    },
    "Rim Diameter": {
      "left": 254,
      "right": 254
    },
    "Tire Diameter": {
      "left": 411.48,
      "right": 411.48
    },
    "Tire Width": {
      "left": 213.36,
      "right": 213.36
    }
  }
}