{
  "Front": {
    "CHAS_LowFor_L": [
      107.95,
      215.89999936,
      131.2672
    ],
    "CHAS_LowFor_R": [
      107.95,
      -215.89999936,
      131.2672
    ],
    "CHAS_LowAft_L": [
      -76.2,
      215.89999936,
      131.2672
    ],
    "CHAS_LowAft_R": [
      -76.2,
      -215.89999936,
      131.2672
    ],
    "CHAS_UppFor_L": [
      150.600623436954,
      263.805493304172,
      289.811649120065
    ],
    "CHAS_UppFor_R": [
      150.600623436954,
      -263.805493304172,
      289.811649120065
    ],
    "CHAS_UppAft_L": [
      -76.2001685761387,
      264.020269051221,
      289.854035910645
    ],
    "CHAS_UppAft_R": [
      -76.2001685761387,
      -264.020269051221,
      289.854035910645
    ],
    "CHAS_TiePnt_L": [
      90.4250861830822,
      212.407374129251,
      180.01056268452
    ],
    "CHAS_TiePnt_R": [
      90.4250861830822,
      -212.407374129251,
      180.01056268452
    ],
    "CHAS_AttPnt_L_L": [
      3.83885720915255,
      100.814094182891,
      643.481416146198
    ],
    "CHAS_AttPnt_L_R": [
      3.83885720915255,
      -100.814094182891,
      643.481416146198
    ],
    "CHAS_RocAxi_L_L": [
      -0.477754296915482,
      245.919333217058,
      598.987119892319
    ],
    "CHAS_RocAxi_L_R": [
      -0.477754296915482,
      -245.919333217058,
      598.987119892319
    ],
    "CHAS_RocPiv_L_L": [
      3.83750331595061,
      245.919315144572,
      598.987150363068
    ],
    "CHAS_RocPiv_L_R": [
      3.83750331595061,
      -245.919315144572,
      598.987150363068
    ]
  },
  "Rear": {
    "CHAS_LowFor_L": [
      217.40000005,
      215.89999931,
      131.2672
    ],
    "CHAS_LowFor_R": [
      217.40000005,
      -215.89999931,
      131.2672
    ],
    "CHAS_LowAft_L": [
      -115.951,
      215.89999931,
      131.2672
    ],
    "CHAS_LowAft_R": [
      -115.951,
      -215.89999931,
      131.2672
    ],
    "CHAS_UppFor_L": [
      217.425074327157,
      261.414531156243,
      279.508062182164
    ],
    "CHAS_UppFor_R": [
      217.425074327157,
      -261.414531156243,
      279.508062182164
    ],
    "CHAS_UppAft_L": [
      -114.623031997999,
      261.412532285375,
      279.503057028815
    ],
    "CHAS_UppAft_R": [
      -114.623031997999,
      -261.412532285375,
      279.503057028815
    ],
    "CHAS_TiePnt_L": [
      -113.863905016779,
      232.653360842788,
      205.150761219651
    ],
    "CHAS_TiePnt_R": [
      -113.863905016779,
      -232.653360842788,
      205.150761219651
    ],
    "CHAS_AttPnt_L_L": [
      25.1227738828688,
      94.0930005745882,
      360.829980441855
    ],
    "CHAS_AttPnt_L_R": [
      25.1227738828688,
      -94.0930005745882,
      360.829980441855
    ],
    "CHAS_RocAxi_L_L": [
      0.0,
      266.7,
      321.77201348
    ],
    "CHAS_RocAxi_L_R": [
      0.0,
      -266.7,
      321.77201348
    ],
    "CHAS_RocPiv_L_L": [
      25.4,
      266.7,
      321.77201348
    ],
    "CHAS_RocPiv_L_R": [
      25.4,
      -266.7,
      321.77201348
    ]
  }
}