{
  "UPRI_LowPnt_R": [
    -0.14343536,
    -584.27898932,
    120.22468921
  ],
  "UPRI_UppPnt_R": [
    -15.56952936,
    -550.83822074,
    299.26833616
  ],
  "UPRI_TiePnt_R": [
    81.3231803566912,
    -580.0,
    176.671935765745
  ],
  "NSMA_PPAttPnt_L_R": [
    3.83655545,
    -472.65249847,
    314.35176071
  ],
  "ROCK_RodPnt_L_R": [
    3.837,
    -291.907122599306,
    605.312192289347
  ],
  "ROCK_CoiPnt_L_R": [
    3.837,
    -269.944013820297,
    667.080921196824
  ],
  "Wheels": {
    "Half Track": 612,
    "Longitudinal Offset": 0,
    "Lateral Offset": 0,
    "Vertical Offset": 4.73168606,
    "Static Camber": -0.9599999999999999,
    "Static Toe": 0.5,
    "Rim Diameter": 254,
    "Tire Diameter": 411.48,
    "Tire Width": 213.36
  }
}