{
  "UPRI_LowPnt_R": [
    0.0,
    -533.26,
    120.21201502
  ],
  "UPRI_UppPnt_R": [
    0.0,
    -533.26,
    302.81235503
  ],
  "UPRI_TiePnt_R": [
    -97.7025483991489,
    -519.283275654131,
    212.763801693702
  ],
  "NSMA_PPAttPnt_L_R": [
    25.39999964,
    -463.33485863,
    138.66018237
  ],
  "ROCK_RodPnt_L_R": [
    25.4,
    -313.615848074677,
    342.620138776461
  ],
  "ROCK_CoiPnt_L_R": [
    25.4,
    -259.502276346221,
    403.220962844004
  ],
  "Wheels": {
    "Half Track": 584.2,
    "Longitudinal Offset": 0,
    "Lateral Offset": 0,
    "Vertical Offset": 4.27201516,
    "Static Camber": 0,
    "Static Toe": -0.5,
    "Rim Diameter": 254,
    "Tire Diameter": 411.48,
    "Tire Width": 213.36
  }
}